place_id,name,category,google_types,business_status,formatted_address,vicinity,latitude,longitude,plus_code_global,plus_code_compound,rating,user_ratings_total,website,formatted_phone_number,international_phone_number,google_maps_url,wheelchair_accessible,editorial_summary,icon_url,opening_hours_available,collected_at
ChIJCekYnwbR7kYR4zdqG1P5Eyo,Rīgas Aeronavigācijas institūts,universities,"establishment,point_of_interest,university",OPERATIONAL,"Mežkalna iela 9, Zemgales priekšpilsēta, Rīga, LV-1058, Latvia","Mežkalna iela 9, Zemgales priekšpilsēta, Rīga",56.8950354,24.0840791,9G86V3WM+2J,"V3WM+2J Riga, Rīgas pilsēta, Riga, Latvia",4.8,25.0,http://www.rai.lv/,29 571 158,+371 29 571 158,https://maps.google.com/?cid=3032041109488023523,True,,https://maps.gstatic.com/mapfiles/place_api/icons/v1/png_71/school-71.png,False,2025-10-26T12:16:30.046170
ChIJs0quY6LR7kYRUZdWJ7LOet0,"Krustkalni, rauna",universities,"establishment,point_of_interest,university",OPERATIONAL,"Krustkalni, raunas pagasts, Ķekava Municipality, LV-2111, Latvia",Krustkalni,56.893745,24.1325979,9G86V4VM+F2,"V4VM+F2 Krustkalni, Ķekava Parish, Ķekava Municipality, Latvia",,,,26 485 051,+371 26 485 051,https://maps.google.com/?cid=15959295494100260689,,,https://maps.gstatic.com/mapfiles/place_api/icons/v1/png_71/school-71.png,,2025-10-26T12:16:30.401878
ChIJnw6MGqMt6UYRStIcQ_G05cQ,Бункер рту,universities,"establishment,point_of_interest,university",OPERATIONAL,"Miera iela 34, Salaspils, Salaspils pilsēta, Salaspils novads, LV-2169, Latvia","Miera iela 34, Salaspils",56.8680681,24.3979609,9G86V99X+65,"V99X+65 Salaspils, Salaspils pilsēta, Salaspils Municipality, Latvia",3.0,3.0,,,,https://maps.google.com/?cid=14187945149406696010,,,https://maps.gstatic.com/mapfiles/place_api/icons/v1/png_71/school-71.png,,2025-10-26T12:16:30.582363
ChIJoXld8FLQ7kYRqj1MObtUjtk,Turība University,universities,"establishment,point_of_interest,university",OPERATIONAL,"Graudu iela 68, Zemgales priekšpilsēta, Rīga, LV-1058, Latvia","Graudu iela 68, Zemgales priekšpilsēta, Rīga",56.9108831,24.0796997,9G86W36H+9V,"W36H+9V Riga, Rīgas pilsēta, Riga, Latvia",4.3,348.0,http://www.turiba.lv/,67 622 551,+371 67 622 551,https://maps.google.com/?cid=15676560516020190634,True,,https://maps.gstatic.com/mapfiles/place_api/icons/v1/png_71/school-71.png,False,2025-10-26T12:16:30.750241
ChIJXXDlUlLQ7kYRRJXabZ7ns0o,International College of Cosmetology,universities,"establishment,point_of_interest,university",OPERATIONAL,"Graudu iela 68, Zemgales priekšpilsēta, Rīga, LV-1058, Latvia","Graudu iela 68, Zemgales priekšpilsēta, Rīga",56.9107433,24.0797032,9G86W36H+7V,"W36H+7V Riga, Rīgas pilsēta, Riga, Latvia",4.1,11.0,,26 378 425,+371 26 378 425,https://maps.google.com/?cid=5382900647271765316,True,,https://maps.gstatic.com/mapfiles/place_api/icons/v1/png_71/school-71.png,False,2025-10-26T12:16:30.946089
ChIJXXDlUlLQ7kYRJUKPZaA9Zh8,Privato augstskolu asociacija,universities,"establishment,point_of_interest,university",OPERATIONAL,"Graudu iela 68, Zemgales priekšpilsēta, Rīga, LV-1058, Latvia","Graudu iela 68, Zemgales priekšpilsēta, Rīga",56.9107433,24.0797032,9G86W36H+7V,"W36H+7V Riga, Rīgas pilsēta, Riga, Latvia",,,http://www.augstskolas.lv/,67 622 551,+371 67 622 551,https://maps.google.com/?cid=2262563621908202021,,,https://maps.gstatic.com/mapfiles/place_api/icons/v1/png_71/school-71.png,,2025-10-26T12:16:31.106317
ChIJZ68DJj7Q7kYRb6CoQUF1s1U,"Iekšķīgo slimību katedra, Propedeitikas kursa bāze",universities,"establishment,point_of_interest,university",OPERATIONAL,"21. Korpuss, 3. stāvs, Pilsoņu iela 13, Zemgales priekšpilsēta, Rīga, LV-1002, Latvia","21. Korpuss, 3. stāvs, Pilsoņu iela 13, Zemgales priekšpilsēta, Rīga",56.9321025,24.0650999,9G86W3J8+R2,"W3J8+R2 Riga, Rīgas pilsēta, Riga, Latvia",2.5,2.0,http://www.rsu.lv/,67 069 591,+371 67 069 591,https://maps.google.com/?cid=6175408437189976175,,,https://maps.gstatic.com/mapfiles/place_api/icons/v1/png_71/school-71.png,,2025-10-26T12:16:31.279859
ChIJ5Q3PbD7Q7kYRpsIzVssiwYA,"Rigas Stradina universitate, Transplantologijas laboratorija",universities,"establishment,point_of_interest,university",OPERATIONAL,"Latvijas Universitāte - Kardioloģijas institūts, Pilsoņu iela 13, Zemgales priekšpilsēta, Rīga, LV-1002, Latvia","University of Latvia - Institute of Cardiology, Pilsoņu iela 13, Zemgales priekšpilsēta, Rīga",56.93262259999999,24.0676736,9G86W3M9+23,"W3M9+23 Riga, Rīgas pilsēta, Riga, Latvia",4.8,6.0,,67 069 543,+371 67 069 543,https://maps.google.com/?cid=9277734964079870630,,,https://maps.gstatic.com/mapfiles/place_api/icons/v1/png_71/school-71.png,,2025-10-26T12:16:31.465504
ChIJQ2xcC8zR7kYRDsfTxElYXXY,Onkoloģijas institūts,universities,"establishment,point_of_interest,university",OPERATIONAL,"Pilsoņu iela 13, Zemgales priekšpilsēta, Rīga, LV-1002, Latvia","Pilsoņu iela 13, Zemgales priekšpilsēta, Rīga",56.93080269999999,24.0660445,9G86W3J8+8C,"W3J8+8C Riga, Rīgas pilsēta, Riga, Latvia",,,,,,https://maps.google.com/?cid=8529070343167657742,,,https://maps.gstatic.com/mapfiles/place_api/icons/v1/png_71/school-71.png,,2025-10-26T12:16:31.622620
ChIJ5Q3PbD7Q7kYRHbAVYrskIVc,"Rigas Stradina universitate, Parmantota veza instituts",universities,"establishment,point_of_interest,university",OPERATIONAL,"Latvijas Universitāte - Kardioloģijas institūts, Pilsoņu iela 13, Zemgales priekšpilsēta, Rīga, LV-1002, Latvia","University of Latvia - Institute of Cardiology, Pilsoņu iela 13, Zemgales priekšpilsēta, Rīga",56.93262259999999,24.0676736,9G86W3M9+23,"W3M9+23 Riga, Rīgas pilsēta, Riga, Latvia",,,,67 069 974,+371 67 069 974,https://maps.google.com/?cid=6278339742754254877,,,https://maps.gstatic.com/mapfiles/place_api/icons/v1/png_71/school-71.png,,2025-10-26T12:16:31.824525
ChIJpb7pDwDR7kYR5hw38vO0cCM,Бывший техникум имени Виктора Апалениса,universities,"establishment,point_of_interest,university",OPERATIONAL,"Zasulauka iela 31-k-1, Zemgales priekšpilsēta, Rīga, LV-1046, Latvia","Zasulauka iela 31-k-1, Zemgales priekšpilsēta, Rīga",56.9442769,24.0368696,9G86W2VP+PP,"W2VP+PP Riga, Rīgas pilsēta, Riga, Latvia",3.9,9.0,https://скуфуслуги.рф/,,,https://maps.google.com/?cid=2553739948552821990,,,https://maps.gstatic.com/mapfiles/place_api/icons/v1/png_71/school-71.png,,2025-10-26T12:16:31.997628
ChIJeQbFBjfQ7kYRJgTRbygD-Lg,"Rigas Tehniska universitate, Starptautisko ekonomisko sakaru un muitas instituts",universities,"establishment,point_of_interest,university",OPERATIONAL,"Indriķa iela 8A, Zemgales priekšpilsēta, Rīga, LV-1004, Latvia","Indriķa iela 8A, Zemgales priekšpilsēta, Rīga",56.9275368,24.0859102,9G86W3HP+29,"W3HP+29 Riga, Rīgas pilsēta, Riga, Latvia",,,,67 089 366,+371 67 089 366,https://maps.google.com/?cid=13328406569412527142,,,https://maps.gstatic.com/mapfiles/place_api/icons/v1/png_71/school-71.png,,2025-10-26T12:16:32.237477
ChIJ1XUeHzrQ7kYRT_eG9EEpKfM,Institute of Experimental and Clinical Medicine,universities,"establishment,point_of_interest,university",OPERATIONAL,"Ojāra Vācieša iela 4, Zemgales priekšpilsēta, Rīga, LV-1004, Latvia","Ojāra Vācieša iela 4, Zemgales priekšpilsēta, Rīga",56.93120279999999,24.0826792,9G86W3JM+F3,"W3JM+F3 Riga, Rīgas pilsēta, Riga, Latvia",,,,,,https://maps.google.com/?cid=17521581188513724239,,,https://maps.gstatic.com/mapfiles/place_api/icons/v1/png_71/school-71.png,,2025-10-26T12:16:32.402850
ChIJ1RZXbI7R7kYRIEQQg8reCwI,RSU Legal and Procurement Department,universities,"establishment,point_of_interest,university",OPERATIONAL,"Kapseļu iela 23, Zemgales priekšpilsēta, Rīga, LV-1046, Latvia","Kapseļu iela 23, Zemgales priekšpilsēta, Rīga",56.9408574,24.0633327,9G86W3R7+88,"W3R7+88 Riga, Rīgas pilsēta, Riga, Latvia",,,https://www.rsu.lv/juridiskais-un-iepirkumu-departaments,67 409 135,+371 67 409 135,https://maps.google.com/?cid=147456374183314464,,,https://maps.gstatic.com/mapfiles/place_api/icons/v1/png_71/school-71.png,False,2025-10-26T12:16:32.624304
ChIJWbTi-C7Q7kYRpEX2q8vyYio,University of Latvia Campus,universities,"establishment,park,point_of_interest,university",OPERATIONAL,"Jelgavas iela 1, Zemgales priekšpilsēta, Rīga, LV-1004, Latvia","Jelgavas iela 1, Zemgales priekšpilsēta, Rīga",56.9371422,24.0971805,9G86W3PW+VV,"W3PW+VV Riga, Rīgas pilsēta, Riga, Latvia",4.7,221.0,http://www.lu.lv/,67 033 910,+371 67 033 910,https://maps.google.com/?cid=3054270453887944100,True,,https://maps.gstatic.com/mapfiles/place_api/icons/v1/png_71/park-71.png,,2025-10-26T12:16:32.803038
ChIJZxWS-irO7kYRAycRROIVLsw,"SIA ""Apziņas veidošanas centrs Argalim""",universities,"establishment,point_of_interest,university",OPERATIONAL,"Akadēmijas laukums 1, Latgales priekšpilsēta, Rīga, LV-1050, Latvia","Akadēmijas laukums 1, Latgales priekšpilsēta, Rīga",56.9430352,24.1222021,9G86W4VC+6V,"W4VC+6V Riga, Rīgas pilsēta, Riga, Latvia",5.0,1.0,http://www.argalim.com/,29 102 415,+371 29 102 415,https://maps.google.com/?cid=14712721094214756099,,,https://maps.gstatic.com/mapfiles/place_api/icons/v1/png_71/school-71.png,False,2025-10-26T12:16:32.980555
ChIJb3cb0yrO7kYRi3R2cY-rl4I,Cenu paradize,universities,"establishment,point_of_interest,university",OPERATIONAL,"Spīķeru iela 5, Latgales priekšpilsēta, Rīga, LV-1050, Latvia","Spīķeru iela 5, Latgales priekšpilsēta, Rīga",56.9439775,24.1187603,9G86W4V9+HG,"W4V9+HG Riga, Rīgas pilsēta, Riga, Latvia",,,,67 225 307,+371 67 225 307,https://maps.google.com/?cid=9410178578986202251,,,https://maps.gstatic.com/mapfiles/place_api/icons/v1/png_71/school-71.png,,2025-10-26T12:16:33.160741
ChIJFd_N7CHQ7kYRtauDP_Djs28,Studē RISEBA,universities,"establishment,point_of_interest,university",OPERATIONAL,"Meža iela 3, Zemgales priekšpilsēta, Rīga, LV-1048, Latvia","Meža iela 3, Zemgales priekšpilsēta, Rīga",56.944309,24.0796641,9G86W3VH+PV,"W3VH+PV Riga, Rīgas pilsēta, Riga, Latvia",,,http://www.riseba.lv/,29 349 122,+371 29 349 122,https://maps.google.com/?cid=8049027580038458293,,,https://maps.gstatic.com/mapfiles/place_api/icons/v1/png_71/school-71.png,,2025-10-26T12:16:33.353070
ChIJ5ZikANfP7kYRlqFijDIkBQs,Starptautisko un sabiedrisko attiecību departaments,universities,"establishment,point_of_interest,university",OPERATIONAL,"Kaļķu iela 1, Centra rajons, Rīga, LV-1050, Latvia","Kaļķu iela 1, Centra rajons, Rīga",56.9473165,24.1053976,9G86W4W4+W5,"W4W4+W5 Riga, Rīgas pilsēta, Riga, Latvia",5.0,1.0,http://www.rtu.lv/,67 089 343,+371 67 089 343,https://maps.google.com/?cid=794080708822999446,,,https://maps.gstatic.com/mapfiles/place_api/icons/v1/png_71/school-71.png,,2025-10-26T12:16:33.537867
ChIJ4-Kn3SHQ7kYRgaXBaXXaVvQ,RTU Faculty of Engineering Economics and Management of Riga Technical University,universities,"establishment,point_of_interest,university",OPERATIONAL,"Kalnciema Iela 6, Zemgales priekšpilsēta, Rīga, LV-1048, Latvia","Kalnciema Iela 6, Zemgales priekšpilsēta, Rīga",56.94519460000001,24.0788073,9G86W3WH+3G,"W3WH+3G Riga, Rīgas pilsēta, Riga, Latvia",4.5,42.0,https://www.rtu.lv/en/feem,67 089 394,+371 67 089 394,https://maps.google.com/?cid=17606499991071860097,True,,https://maps.gstatic.com/mapfiles/place_api/icons/v1/png_71/school-71.png,False,2025-10-26T12:16:33.721721
ChIJcwSEZh_O7kYRVJskN162w8U,Baltic International Academy,universities,"establishment,point_of_interest,university",OPERATIONAL,"Valērijas Seiles iela 4, Latgales priekšpilsēta, Rīga, LV-1003, Latvia","Valērijas Seiles iela 4, Latgales priekšpilsēta, Rīga",56.9380278,24.1560043,9G86W5Q4+6C,"W5Q4+6C Riga, Rīgas pilsēta, Riga, Latvia",4.3,103.0,https://bsa.edu.lv/,67 100 636,+371 67 100 636,https://maps.google.com/?cid=14250434161698708308,True,,https://maps.gstatic.com/mapfiles/place_api/icons/v1/png_71/school-71.png,False,2025-10-26T12:16:33.902253
ChIJlzIYVSrO7kYRWSVQ0Hmn7vc,"Gramatvedibas un finansu koledza , SIA",universities,"establishment,point_of_interest,university",OPERATIONAL,"Valērijas Seiles iela 4-222.kab, Latgales priekšpilsēta, Rīga, LV-1003, Latvia","Valērijas Seiles iela 4-222.kab, Latgales priekšpilsēta, Rīga",56.9380219,24.1560169,9G86W5Q4+6C,"W5Q4+6C Riga, Rīgas pilsēta, Riga, Latvia",5.0,2.0,https://www.koledza.lv/,67 338 021,+371 67 338 021,https://maps.google.com/?cid=17865400913453131097,True,,https://maps.gstatic.com/mapfiles/place_api/icons/v1/png_71/school-71.png,False,2025-10-26T12:16:34.081250
ChIJ1y7De9TP7kYR0waiSLuqVcw,"LU Biznesa. vadības un ekonomikas fakultāte, BVEF",universities,"establishment,point_of_interest,university",OPERATIONAL,"Aspazijas bulvāris 5, Centra rajons, Rīga, LV-1050, Latvia","Faculty of Economics and Management, Aspazijas bulvāris 5, Centra rajons, Rīga",56.9477322,24.1150878,9G86W4X8+32,"W4X8+32 Riga, Rīgas pilsēta, Riga, Latvia",4.3,55.0,http://www.bvef.lu.lv/,67 034 946,+371 67 034 946,https://maps.google.com/?cid=14723862278111889107,,,https://maps.gstatic.com/mapfiles/place_api/icons/v1/png_71/school-71.png,True,2025-10-26T12:16:34.263514
ChIJpxQayyjO7kYRnA8R7zC7krM,Riga Higher Institute of Religious Sciences affiliated to the Pontifical Lateran University,universities,"establishment,point_of_interest,university",OPERATIONAL,"Katoļu iela 16B, Latgales priekšpilsēta, Rīga, LV-1003, Latvia","Katoļu iela 16B, Latgales priekšpilsēta, Rīga",56.94479219999999,24.1366491,9G86W4VP+WM,"W4VP+WM Riga, Rīgas pilsēta, Riga, Latvia",5.0,12.0,https://www.rarzi.lv/,29 524 484,+371 29 524 484,https://maps.google.com/?cid=12939610498232553372,,,https://maps.gstatic.com/mapfiles/place_api/icons/v1/png_71/school-71.png,False,2025-10-26T12:16:34.441549
ChIJz5EX6CHQ7kYRx3lQWkF3eQA,RTU SESMI,universities,"establishment,point_of_interest,university",OPERATIONAL,"Kalnciema Iela 6, Zemgales priekšpilsēta, Rīga, LV-1048, Latvia","Kalnciema Iela 6, Zemgales priekšpilsēta, Rīga",56.94519460000001,24.0788073,9G86W3WH+3G,"W3WH+3G Riga, Rīgas pilsēta, Riga, Latvia",5.0,2.0,,67 089 354,+371 67 089 354,https://maps.google.com/?cid=34189594753792455,,,https://maps.gstatic.com/mapfiles/place_api/icons/v1/png_71/school-71.png,False,2025-10-26T12:16:34.609607
ChIJEapSg5fR7kYRrr65xemtBWI,"House of Letters, University of Latvia",universities,"establishment,point_of_interest,university",OPERATIONAL,"Vilkaines iela, Zemgales priekšpilsēta, Rīga, LV-1004, Latvia","Vilkaines iela, Zemgales priekšpilsēta, Rīga",56.9349005,24.0961641,9G86W3MW+XF,"W3MW+XF Riga, Rīgas pilsēta, Riga, Latvia",,,http://www.lu.lv/,,,https://maps.google.com/?cid=7063242810156760750,,,https://maps.gstatic.com/mapfiles/place_api/icons/v1/png_71/school-71.png,,2025-10-26T12:16:34.758604
ChIJI7Tq62PO7kYRmBlWt2aRu6w,"Faculty of Medicine and Life sciences, University of Latvia",universities,"establishment,point_of_interest,university",OPERATIONAL,"Jelgavas iela 3, Zemgales priekšpilsēta, Rīga, LV-1004, Latvia","Jelgavas iela 3, Zemgales priekšpilsēta, Rīga",56.935928,24.0977634,9G86W3PX+94,"W3PX+94 Riga, Rīgas pilsēta, Riga, Latvia",4.8,24.0,http://www.mdzf.lu.lv/,,,https://maps.google.com/?cid=12446701865517062552,True,,https://maps.gstatic.com/mapfiles/place_api/icons/v1/png_71/school-71.png,True,2025-10-26T12:16:34.937753
ChIJ72fSh-nR7kYRLtxti5mpDlo,LU Zināšanu un tehnoloģiju pārneses centrs,universities,"establishment,point_of_interest,university",OPERATIONAL,"Jelgavas iela 3, Zemgales priekšpilsēta, Rīga, LV-1004, Latvia","Jelgavas iela 3, Zemgales priekšpilsēta, Rīga",56.93606089999999,24.0973207,9G86W3PW+CW,"W3PW+CW Riga, Rīgas pilsēta, Riga, Latvia",5.0,1.0,,,,https://maps.google.com/?cid=6489310590021786670,,,https://maps.gstatic.com/mapfiles/place_api/icons/v1/png_71/school-71.png,,2025-10-26T12:16:35.103516
ChIJdQrIH8_R7kYRPBYWcS5gLPY,"House of Science, University of Latvia",universities,"establishment,point_of_interest,university",OPERATIONAL,"Jelgavas iela 3, Zemgales priekšpilsēta, Rīga, LV-1004, Latvia","Jelgavas iela 3, Zemgales priekšpilsēta, Rīga",56.93607710000001,24.0974292,9G86W3PW+CX,"W3PW+CX Riga, Rīgas pilsēta, Riga, Latvia",4.6,91.0,http://www.akademiskaiscentrs.lu.lv/,67 033 829,+371 67 033 829,https://maps.google.com/?cid=17738658784887576124,True,,https://maps.gstatic.com/mapfiles/place_api/icons/v1/png_71/school-71.png,False,2025-10-26T12:16:35.301920
ChIJMYZTBFHR7kYRNlvFpg4uZoU,Latvijas Universitātes Torņakalna komplekss,universities,"establishment,point_of_interest,university",OPERATIONAL,"Jelgavas iela 1, Zemgales priekšpilsēta, Rīga, LV-1004, Latvia","Jelgavas iela 1, Zemgales priekšpilsēta, Rīga",56.9363498,24.0979495,9G86W3PX+G5,"W3PX+G5 Riga, Rīgas pilsēta, Riga, Latvia",5.0,5.0,http://www.lu.lv/,67 033 910,+371 67 033 910,https://maps.google.com/?cid=9612421095131274038,,,https://maps.gstatic.com/mapfiles/place_api/icons/v1/png_71/school-71.png,True,2025-10-26T12:16:35.494160
ChIJRemLKPnR7kYRF2HbtKOHI-I,LU Dabas zinātņu ēka,universities,"establishment,point_of_interest,university",OPERATIONAL,"Jelgavas iela 1, Zemgales priekšpilsēta, Rīga, LV-1004, Latvia","Jelgavas iela 1, Zemgales priekšpilsēta, Rīga",56.9364619,24.0977512,9G86W3PX+H4,"W3PX+H4 Riga, Rīgas pilsēta, Riga, Latvia",4.8,4.0,,,,https://maps.google.com/?cid=16295017013940281623,True,,https://maps.gstatic.com/mapfiles/place_api/icons/v1/png_71/school-71.png,,2025-10-26T12:16:35.685783
ChIJ66tLoF3R7kYRxyBwaI1GM-Y,"House of Nature, University of Latvia",universities,"establishment,point_of_interest,university",OPERATIONAL,"Jelgavas iela 1, Zemgales priekšpilsēta, Rīga, LV-1004, Latvia","Jelgavas iela 1, Zemgales priekšpilsēta, Rīga",56.93668359999999,24.0972251,9G86W3PW+MV,"W3PW+MV Riga, Rīgas pilsēta, Riga, Latvia",4.8,76.0,http://www.lu.lv/,67 033 915,+371 67 033 915,https://maps.google.com/?cid=16587679425692180679,True,,https://maps.gstatic.com/mapfiles/place_api/icons/v1/png_71/school-71.png,False,2025-10-26T12:16:35.860770
ChIJQ5NEkCHQ7kYRueQfc6JN0lk,RISEBA,universities,"establishment,point_of_interest,university",OPERATIONAL,"Meža iela 3, Zemgales priekšpilsēta, Rīga, LV-1048, Latvia","Meža iela 3, Zemgales priekšpilsēta, Rīga",56.944309,24.0796641,9G86W3VH+PV,"W3VH+PV Riga, Rīgas pilsēta, Riga, Latvia",4.1,89.0,http://www.riseba.lv/,67 500 265,+371 67 500 265,https://maps.google.com/?cid=6472320974596334777,,,https://maps.gstatic.com/mapfiles/place_api/icons/v1/png_71/school-71.png,False,2025-10-26T12:16:36.054793
ChIJNeAZ8CbO7kYRk2-V32ug0Ys,Latvijas Kulturas akademija,universities,"establishment,point_of_interest,university",OPERATIONAL,"Ludzas iela 24, Latgales priekšpilsēta, Rīga, LV-1003, Latvia","Ludzas iela 24, Latgales priekšpilsēta, Rīga",56.9405386,24.1428263,9G86W4RV+64,"W4RV+64 Riga, Rīgas pilsēta, Riga, Latvia",4.7,51.0,https://lka.edu.lv/,67 140 175,+371 67 140 175,https://maps.google.com/?cid=10075010226577567635,,,https://maps.gstatic.com/mapfiles/place_api/icons/v1/png_71/school-71.png,False,2025-10-26T12:16:36.240109
ChIJV7oz1yrO7kYRYxZqB_3D_AQ,Riga Building College,universities,"establishment,point_of_interest,university",OPERATIONAL,"Gaiziņa iela 3, Latgales priekšpilsēta, Rīga, LV-1050, Latvia","Gaiziņa iela 3, Latgales priekšpilsēta, Rīga",56.9439761,24.1196268,9G86W4V9+HV,"W4V9+HV Riga, Rīgas pilsēta, Riga, Latvia",4.3,74.0,https://www.rck.lv/,67 229 714,+371 67 229 714,https://maps.google.com/?cid=359377561801332323,True,,https://maps.gstatic.com/mapfiles/place_api/icons/v1/png_71/school-71.png,,2025-10-26T12:16:36.434589
ChIJL_eEkiHQ7kYRzZIMqRNM1ZE,Journal of Business Management,universities,"establishment,point_of_interest,university",OPERATIONAL,"Meža iela, Zemgales priekšpilsēta, Rīga, LV-1048, Latvia","Meža iela, Zemgales priekšpilsēta, Rīga",56.9441441,24.0792366,9G86W3VH+MM,"W3VH+MM Riga, Rīgas pilsēta, Riga, Latvia",,,http://www.jointphd.eu/contacts/,67 500 252,+371 67 500 252,https://maps.google.com/?cid=10508388952863183565,,,https://maps.gstatic.com/mapfiles/place_api/icons/v1/png_71/school-71.png,,2025-10-26T12:16:36.649729
ChIJVVXlqdfP7kYRDq7uhI8BK1g,Baltech,universities,"establishment,point_of_interest,university",OPERATIONAL,"Kaļķu iela 1, Centra rajons, Rīga, LV-1050, Latvia","Kaļķu iela 1, Centra rajons, Rīga",56.9473165,24.1053976,9G86W4W4+W5,"W4W4+W5 Riga, Rīgas pilsēta, Riga, Latvia",,,http://www.baltech.info/en/contacts/,67 089 875,+371 67 089 875,https://maps.google.com/?cid=6353173415258402318,,,https://maps.gstatic.com/mapfiles/place_api/icons/v1/png_71/school-71.png,,2025-10-26T12:16:36.822030
ChIJL6D15yHQ7kYR0LSLm02UEP0,"Rīgas Tehniskā Universitāte, Inženierekonomikas un Vadības Fakultāte (RTU IEVF)",universities,"establishment,point_of_interest,university",OPERATIONAL,"Kalnciema Iela 6, Zemgales priekšpilsēta, Rīga, LV-1048, Latvia","Kalnciema Iela 6, Zemgales priekšpilsēta, Rīga",56.94519460000001,24.0788073,9G86W3WH+3G,"W3WH+3G Riga, Rīgas pilsēta, Riga, Latvia",4.8,14.0,https://www.rtu.lv/lv/ievf,67 089 394,+371 67 089 394,https://maps.google.com/?cid=18235237952266155216,True,,https://maps.gstatic.com/mapfiles/place_api/icons/v1/png_71/school-71.png,,2025-10-26T12:16:37.004528
ChIJiddNESLO7kYRU9q1h23w370,Rīgas Ziemeļvalstu augstskola (Riga Nordic University),universities,"establishment,point_of_interest,university",OPERATIONAL,"Valērijas Seiles iela 1-korpuss 5, Latgales priekšpilsēta, Rīga, LV-1019, Latvia","Valērijas Seiles iela 1-korpuss 5, Latgales priekšpilsēta, Rīga",56.9375413,24.1581008,9G86W5Q5+26,"W5Q5+26 Riga, Rīgas pilsēta, Riga, Latvia",4.0,171.0,http://www.isma.lv/,67 100 607,+371 67 100 607,https://maps.google.com/?cid=13681918546193799763,True,,https://maps.gstatic.com/mapfiles/place_api/icons/v1/png_71/school-71.png,False,2025-10-26T12:16:37.177068
ChIJJxzzFwDP7kYR3uRluQjSQcM,RSU Sarkanā krusta koledža,universities,"establishment,point_of_interest,university",OPERATIONAL,"Jāņa iela 5, Centra rajons, Rīga, LV-1050, Latvia","Jāņa iela 5, Centra rajons, Rīga",56.9475901,24.1113066,9G86W4X6+2G,"W4X6+2G Riga, Rīgas pilsēta, Riga, Latvia",,,,,,https://maps.google.com/?cid=14069757645794174174,,,https://maps.gstatic.com/mapfiles/place_api/icons/v1/png_71/school-71.png,,2025-10-26T12:16:37.349842
ChIJlX8Bxx7O7kYRLwM0XgA2Qfg,Riga Management College,universities,"establishment,point_of_interest,university",OPERATIONAL,"Valērijas Seiles iela 4-2. stāvs, 208. kab, Latgales priekšpilsēta, Rīga, LV-1003, Latvia","Valērijas Seiles iela 4-2. stāvs, 208. kab, Latgales priekšpilsēta, Rīga",56.9380873,24.1562351,9G86W5Q4+6F,"W5Q4+6F Riga, Rīgas pilsēta, Riga, Latvia",4.4,34.0,http://www.college.lv/,28 007 735,+371 28 007 735,https://maps.google.com/?cid=17888638570100687663,,,https://maps.gstatic.com/mapfiles/place_api/icons/v1/png_71/school-71.png,False,2025-10-26T12:16:37.544366
ChIJNa5fQh_O7kYRiO1raS1E3tg,Datordizains,universities,"establishment,point_of_interest,university",OPERATIONAL,"Latgale Suburb, Riga, LV-1019, Latvia","Latgale Suburb, Riga",56.93833739999999,24.1567516,9G86W5Q4+8P,"W5Q4+8P Riga, Rīgas pilsēta, Riga, Latvia",5.0,1.0,http://bsa.edu.lv/programs/progr_ddiz_lv.html,,,https://maps.google.com/?cid=15627002718855097736,,,https://maps.gstatic.com/mapfiles/place_api/icons/v1/png_71/school-71.png,,2025-10-26T12:16:37.748453
ChIJ2aRfQh_O7kYRU1yi9Rv8rSg,Uzņēmējdarbība,universities,"establishment,point_of_interest,university",OPERATIONAL,"Latgale Suburb, Riga, LV-1019, Latvia","Latgale Suburb, Riga",56.93833739999999,24.1567517,9G86W5Q4+8P,"W5Q4+8P Riga, Rīgas pilsēta, Riga, Latvia",5.0,1.0,,,,https://maps.google.com/?cid=2931276129503435859,,,https://maps.gstatic.com/mapfiles/place_api/icons/v1/png_71/school-71.png,,2025-10-26T12:16:37.911699
ChIJ002sQx_O7kYRYWBEh5l56lI,Transporta un sakaru institūts (TSI),universities,"establishment,point_of_interest,university",OPERATIONAL,"Lauvas iela 2, Latgales priekšpilsēta, Rīga, LV-1019, Latvia","Faculty of Social Sciences, Lauvas iela 2, Latgales priekšpilsēta, Rīga",56.9395499,24.1560297,9G86W5Q4+RC,"W5Q4+RC Riga, Rīgas pilsēta, Riga, Latvia",4.0,169.0,http://www.tsi.lv/,67 100 661,+371 67 100 661,https://maps.google.com/?cid=5974721555966746721,True,,https://maps.gstatic.com/mapfiles/place_api/icons/v1/png_71/school-71.png,False,2025-10-26T12:16:38.105102
ChIJQ13jdtPP7kYRn0ZBUNCOcec,University of Latvia - Institute of Mathematics and Computer Science,universities,"establishment,point_of_interest,university",OPERATIONAL,"Raiņa bulvāris 29, Centra rajons, Rīga, LV-1050, Latvia","Raiņa bulvāris 29, Centra rajons, Rīga",56.9485785,24.1180951,9G86W4X9+C6,"W4X9+C6 Riga, Rīgas pilsēta, Riga, Latvia",4.5,6.0,http://lumii.lv/,67 224 730,+371 67 224 730,https://maps.google.com/?cid=16677267920480454303,,,https://maps.gstatic.com/mapfiles/place_api/icons/v1/png_71/school-71.png,,2025-10-26T12:16:38.277674
ChIJZWYt-CHO7kYREKMhIyJYUL4,"Pasacina , bernu rotalu istaba",universities,"establishment,point_of_interest,university",OPERATIONAL,"Valērijas Seiles iela 1 k.1, Latgales priekšpilsēta, Rīga, LV-1003, Latvia","Valērijas Seiles iela 1 k.1, Latgales priekšpilsēta, Rīga",56.939831,24.1553421,,,,,,26 132 907,+371 26 132 907,https://maps.google.com/?cid=13713557768984699664,,,https://maps.gstatic.com/mapfiles/place_api/icons/v1/png_71/school-71.png,False,2025-10-26T12:16:38.443989
ChIJvXTS8QfR7kYRYJ806bTJfJA,RSU Aroda un vides medicīnas katedra,universities,"establishment,point_of_interest,university",OPERATIONAL,"Baložu iela 14, Zemgales priekšpilsēta, Rīga, LV-1048, Latvia","Baložu iela 14, Zemgales priekšpilsēta, Rīga",56.9457256,24.0725216,9G86W3WF+72,"W3WF+72 Riga, Rīgas pilsēta, Riga, Latvia",,,,,,https://maps.google.com/?cid=10411418217417580384,,,https://maps.gstatic.com/mapfiles/place_api/icons/v1/png_71/school-71.png,,2025-10-26T12:16:38.609493
ChIJT-kWBcnR7kYRiE-uX8OavYo,RSU Statistikas laboratorija / Statistics Unit,universities,"establishment,point_of_interest,university",OPERATIONAL,"Baložu iela 14, Zemgales priekšpilsēta, Rīga, LV-1048, Latvia","Baložu iela 14, Zemgales priekšpilsēta, Rīga",56.9457256,24.0725216,9G86W3WF+72,"W3WF+72 Riga, Rīgas pilsēta, Riga, Latvia",,,,67 060 897,+371 67 060 897,https://maps.google.com/?cid=9997316911746928520,,,https://maps.gstatic.com/mapfiles/place_api/icons/v1/png_71/school-71.png,False,2025-10-26T12:16:38.769152
ChIJmWlzbtfP7kYRnzrjJFLPTVM,"Rigas Valsts tehnikums, Poligrafijas centrs",universities,"establishment,point_of_interest,university",OPERATIONAL,"Dārzciema iela 70, Latgales priekšpilsēta, Rīga, LV-1073, Latvia","Dārzciema iela 70, Latgales priekšpilsēta, Rīga",56.9367142,24.1810642,9G86W5PJ+MC,"W5PJ+MC Riga, Rīgas pilsēta, Riga, Latvia",4.2,26.0,https://www.rvt.lv/,67 223 592,+371 67 223 592,https://maps.google.com/?cid=6002681830067878559,True,,https://maps.gstatic.com/mapfiles/place_api/icons/v1/png_71/school-71.png,,2025-10-26T12:16:38.939281
ChIJVVUFFCLO7kYRGv8Spn8ACmI,RTU TMF Aeronautikas institūts,universities,"establishment,point_of_interest,university",OPERATIONAL,"Valērijas Seiles iela 1A-k-1, Latgales priekšpilsēta, Rīga, LV-1019, Latvia","Valērijas Seiles iela 1A-k-1, Latgales priekšpilsēta, Rīga",56.9410327,24.1557734,9G86W5R4+C8,"W5R4+C8 Riga, Rīgas pilsēta, Riga, Latvia",,,,,,https://maps.google.com/?cid=7064459513731153690,,,https://maps.gstatic.com/mapfiles/place_api/icons/v1/png_71/school-71.png,,2025-10-26T12:16:39.140834
ChIJma9CiMXc7kYRRDNohZjP5ks,Latvian Christian Academy,universities,"establishment,point_of_interest,university",OPERATIONAL,"Vienības prospekts 23, Jūrmala, LV-2010, Latvia","Vienības prospekts 23, Jūrmala",56.98004109999999,23.8592637,9G85XVJ5+2P,"XVJ5+2P Jūrmala, Jūrmala pilsēta, Jūrmala, Latvia",4.9,14.0,http://kra.lv/,67 753 360,+371 67 753 360,https://maps.google.com/?cid=5469287051468223300,True,,https://maps.gstatic.com/mapfiles/place_api/icons/v1/png_71/school-71.png,,2025-10-26T12:16:39.331110
ChIJQ4ivosjc7kYRR9JROG5VLcA,Latvijas Universitātes P. Stradiņa medicīnas koledža,universities,"establishment,health,point_of_interest,school,university",OPERATIONAL,"Vidus prospekts 38, Jūrmala, LV-2010, Latvia","Vidus prospekts 38, Jūrmala",56.9834957,23.8550035,9G85XVM4+92,"XVM4+92 Jūrmala, Jūrmala pilsēta, Jūrmala, Latvia",4.6,20.0,https://www.psk.lu.lv/,25 448 404,+371 25 448 404,https://maps.google.com/?cid=13847818361113793095,True,,https://maps.gstatic.com/mapfiles/place_api/icons/v1/png_71/school-71.png,False,2025-10-26T12:16:39.519785
ChIJQ3l2p-rc7kYRtTX9EhZr6gg,Bulduru Tehnikums,universities,"establishment,point_of_interest,university",OPERATIONAL,"Viestura iela 6, Jūrmala, LV-2010, Latvia","Viestura iela 6, Jūrmala",56.9721519,23.8501148,9G85XVC2+V2,"XVC2+V2 Jūrmala, Jūrmala pilsēta, Jūrmala, Latvia",4.1,42.0,http://www.bulduri.lv/,67 753 135,+371 67 753 135,https://maps.google.com/?cid=642443639405753781,True,,https://maps.gstatic.com/mapfiles/place_api/icons/v1/png_71/school-71.png,False,2025-10-26T12:16:39.706334
ChIJfz3MNK7a7kYRdUePQaFUXeY,Riga Teacher Training and Educational Management Academy,universities,"establishment,point_of_interest,university",OPERATIONAL,"Imantas 7. līnija 1, Kurzemes rajons, Rīga, LV-1083, Latvia","Imantas 7. līnija 1, Kurzemes rajons, Rīga",56.9516243,24.0240955,9G86X22F+JJ,"X22F+JJ Riga, Rīgas pilsēta, Riga, Latvia",4.2,22.0,http://ppmf.lu.lv/,67 808 010,+371 67 808 010,https://maps.google.com/?cid=16599516853123893109,True,,https://maps.gstatic.com/mapfiles/place_api/icons/v1/png_71/school-71.png,False,2025-10-26T12:16:39.888178
ChIJr5vpVDfQ7kYR-jM_rqVr_tY,"RSU Sporta, uztura un pedagoģijas katedra",universities,"establishment,point_of_interest,university",OPERATIONAL,"Anniņmuižas bulvāris 26A, Kurzemes rajons, Rīga, LV-1067, Latvia","Anniņmuižas bulvāris 26A, Kurzemes rajons, Rīga",56.9594728,24.0230559,9G86X25F+Q6,"X25F+Q6 Riga, Rīgas pilsēta, Riga, Latvia",,,http://rsu.lv/,67 061 572,+371 67 061 572,https://maps.google.com/?cid=15491938127538238458,,,https://maps.gstatic.com/mapfiles/place_api/icons/v1/png_71/school-71.png,,2025-10-26T12:16:40.092522
ChIJv6xuSgDb7kYRx8OswqJMR8A,Уник Спорт,universities,"establishment,point_of_interest,university",OPERATIONAL,"Imantas 7. līnija, Kurzemes rajons, Rīga, LV-1083, Latvia","Imantas 7. līnija, Kurzemes rajons, Rīga",56.9510666,24.0231126,9G86X22F+C6,"X22F+C6 Riga, Rīgas pilsēta, Riga, Latvia",,,,,,https://maps.google.com/?cid=13855127040563135431,,,https://maps.gstatic.com/mapfiles/place_api/icons/v1/png_71/school-71.png,,2025-10-26T12:16:40.271597
ChIJQ0pJagDb7kYRXo91wWoSYdk,University,universities,"establishment,point_of_interest,university",OPERATIONAL,"Imantas 7. līnija 1, Kurzemes rajons, Rīga, LV-1083, Latvia","Imantas 7. līnija 1, Kurzemes rajons, Rīga",56.95163729999999,24.0238977,9G86X22F+MH,"X22F+MH Riga, Rīgas pilsēta, Riga, Latvia",,,,,,https://maps.google.com/?cid=15663821228692836190,,,https://maps.gstatic.com/mapfiles/place_api/icons/v1/png_71/school-71.png,,2025-10-26T12:16:40.480681
ChIJQ6NlH7Pa7kYRA_JEQ_eoSMU,Riga Stradina University Medical Education and Technology Center,universities,"establishment,point_of_interest,university",OPERATIONAL,"Anniņmuižas bulvāris 26A, Kurzemes rajons, Rīga, LV-1067, Latvia","Anniņmuižas bulvāris 26A, Kurzemes rajons, Rīga",56.9596095,24.022691,9G86X25F+R3,"X25F+R3 Riga, Rīgas pilsēta, Riga, Latvia",4.9,44.0,https://www.rsu.lv/,67 815 061,+371 67 815 061,https://maps.google.com/?cid=14215798003733950979,True,,https://maps.gstatic.com/mapfiles/place_api/icons/v1/png_71/school-71.png,,2025-10-26T12:16:40.667718
ChIJS1mVLgDb7kYRUsw1kboP8bs,LU fakultāte,universities,"establishment,point_of_interest,university",OPERATIONAL,"Imantas 7. līnija 1, Kurzemes rajons, Rīga, LV-1083, Latvia","Imantas 7. līnija 1, Kurzemes rajons, Rīga",56.9514304,24.0245719,9G86X22F+HR,"X22F+HR Riga, Rīgas pilsēta, Riga, Latvia",,,,,,https://maps.google.com/?cid=13542622848454347858,,,https://maps.gstatic.com/mapfiles/place_api/icons/v1/png_71/school-71.png,,2025-10-26T12:16:40.845594
ChIJMdUeqNfP7kYRrralc3ZI7Gs,Riga Technical University,universities,"establishment,point_of_interest,university",OPERATIONAL,"Ķīpsalas iela 6a, Kurzemes rajons, Rīga, LV-1048, Latvia","Ķīpsalas iela 6a, Kurzemes rajons, Rīga",56.9522218,24.0812046,9G86X32J+VF,"X32J+VF Riga, Rīgas pilsēta, Riga, Latvia",3.8,289.0,http://www.rtu.lv/,67 089 333,+371 67 089 333,https://maps.google.com/?cid=7776670330145584814,True,,https://maps.gstatic.com/mapfiles/place_api/icons/v1/png_71/school-71.png,False,2025-10-26T12:16:41.027787
ChIJccitYhXQ7kYR8qUhXREoiJQ,Riga Stradins University,universities,"establishment,point_of_interest,university",OPERATIONAL,"Dzirciema iela 16, Kurzemes rajons, Rīga, LV-1007, Latvia","Dzirciema iela 16, Kurzemes rajons, Rīga",56.9542703,24.0550532,9G86X334+P2,"X334+P2 Riga, Rīgas pilsēta, Riga, Latvia",4.5,991.0,http://www.rsu.lv/,67 321 321,+371 67 321 321,https://maps.google.com/?cid=10702848569488025074,True,,https://maps.gstatic.com/mapfiles/place_api/icons/v1/png_71/school-71.png,False,2025-10-26T12:16:41.198058
ChIJNQivCR_Q7kYRXR1SwaDyTis,"Socialo tehnologiju augstskola , SIA",universities,"establishment,point_of_interest,school,university",OPERATIONAL,"Bezdelīgu iela 12, Zemgales priekšpilsēta, Rīga, LV-1048, Latvia","Bezdelīgu iela 12, Zemgales priekšpilsēta, Rīga",56.9486782,24.079054,9G86W3XH+FJ,"W3XH+FJ Riga, Rīgas pilsēta, Riga, Latvia",,,http://www.sta-edu.lv/,67 461 001,+371 67 461 001,https://maps.google.com/?cid=3120698364066405725,,,https://maps.gstatic.com/mapfiles/place_api/icons/v1/png_71/school-71.png,,2025-10-26T12:16:41.351171
ChIJWYklN-LP7kYRzU6Fz7WY-Y0,RISEBA AISTERES ZALE,universities,"establishment,point_of_interest,school,university",OPERATIONAL,"Durbes Iela 6, Kurzemes rajons, Rīga, LV-1048, Latvia","Durbes Iela 6, Kurzemes rajons, Rīga",56.9533058,24.0728456,9G86X33F+84,"X33F+84 Riga, Rīgas pilsēta, Riga, Latvia",4.5,4.0,http://riseba.lv/,,,https://maps.google.com/?cid=10230375935186915021,,,https://maps.gstatic.com/mapfiles/place_api/icons/v1/png_71/school-71.png,,2025-10-26T12:16:41.514165
ChIJI3PrEyLO7kYRg0FePH9wQ8k,Institute of Aeronautics,universities,"establishment,point_of_interest,university",OPERATIONAL,"Ķīpsalas iela 6B, Kurzemes rajons, Rīga, LV-1048, Latvia","Ķīpsalas iela 6B, Kurzemes rajons, Rīga",56.9525449,24.0805755,9G86X33J+26,"X33J+26 Riga, Rīgas pilsēta, Riga, Latvia",4.3,15.0,http://aerti.rtu.lv/,67 089 990,+371 67 089 990,https://maps.google.com/?cid=14502558916839096707,,,https://maps.gstatic.com/mapfiles/place_api/icons/v1/png_71/school-71.png,False,2025-10-26T12:16:41.677906
ChIJo87VVuDP7kYRUIBSr05G0Ms,"Garants-Riga , SIA",universities,"establishment,point_of_interest,university",OPERATIONAL,"Āzenes iela 12, Kurzemes rajons, Rīga, LV-1048, Latvia","Āzenes iela 12, Kurzemes rajons, Rīga",56.9515451,24.0800391,9G86X32J+J2,"X32J+J2 Riga, Rīgas pilsēta, Riga, Latvia",4.5,2.0,https://www.rtu.lv/,67 613 817,+371 67 613 817,https://maps.google.com/?cid=14686315688618000464,True,,https://maps.gstatic.com/mapfiles/place_api/icons/v1/png_71/school-71.png,,2025-10-26T12:16:41.863197
ChIJ21mkANfP7kYR3EqzZ9QYfYA,Ārzemju studentu departaments,universities,"establishment,point_of_interest,university",OPERATIONAL,"Āzenes iela 12, Kurzemes rajons, Rīga, LV-1048, Latvia","Āzenes iela 12, Kurzemes rajons, Rīga",56.95159289999999,24.0800779,9G86X32J+J2,"X32J+J2 Riga, Rīgas pilsēta, Riga, Latvia",,,https://www.rtu.lv/lv/universitate/struktura-un-vadiba/departamenti-un-nodalas/arzemju-studentu-departaments,,,https://maps.google.com/?cid=9258583709495544540,,,https://maps.gstatic.com/mapfiles/place_api/icons/v1/png_71/school-71.png,,2025-10-26T12:16:42.044756
ChIJ_QikPuHP7kYRSwn0kjU0ep8,RTU Laboratoriju Māja,universities,"establishment,point_of_interest,university",OPERATIONAL,"Paula Valdena iela 1, Kurzemes rajons, Rīga, LV-1048, Latvia","Paula Valdena iela 1, Kurzemes rajons, Rīga",56.9536498,24.0807051,9G86X33J+F7,"X33J+F7 Riga, Rīgas pilsēta, Riga, Latvia",5.0,15.0,http://rtu.lv/,,,https://maps.google.com/?cid=11491554803892619595,True,,https://maps.gstatic.com/mapfiles/place_api/icons/v1/png_71/school-71.png,False,2025-10-26T12:16:42.258402
ChIJ9zPBANfP7kYRTcKyusJ3omI,BALTECH Studiju Centrs,universities,"establishment,point_of_interest,university",OPERATIONAL,"Ķīpsalas iela 6A, Kurzemes rajons, Rīga, LV-1048, Latvia","Ķīpsalas iela 6A, Kurzemes rajons, Rīga",56.9529807,24.0814321,9G86X33J+5H,"X33J+5H Riga, Rīgas pilsēta, Riga, Latvia",,,http://www.rtu.lv/,67 089 178,+371 67 089 178,https://maps.google.com/?cid=7107374840183702093,,,https://maps.gstatic.com/mapfiles/place_api/icons/v1/png_71/school-71.png,,2025-10-26T12:16:42.422669
ChIJLdiMX9rP7kYRPACQlbHm6LQ,Law College,universities,"establishment,point_of_interest,university",OPERATIONAL,"Kronvalda bulvāris 1A, Centra rajons, Rīga, LV-1010, Latvia","Kronvalda bulvāris 1A, Centra rajons, Rīga",56.9537321,24.1038618,9G86X433+FG,"X433+FG Riga, Rīgas pilsēta, Riga, Latvia",4.5,18.0,http://www.jk.lv/,67 508 005,+371 67 508 005,https://maps.google.com/?cid=13035922771816742972,False,,https://maps.gstatic.com/mapfiles/place_api/icons/v1/png_71/school-71.png,,2025-10-26T12:16:42.601145
ChIJIfT0MAPQ7kYR0DRXQ87PAA8,University of Latvia Botanical Garden,universities,"establishment,park,point_of_interest,tourist_attraction,university",OPERATIONAL,"W3X4+VV, Kandavas iela 2, Kurzemes rajons, Rīga, LV-1083, Latvia","W3X4+VV, Kandavas iela 2, Kurzemes rajons, Rīga",56.95007,24.059196,,,4.6,856.0,http://www.botanika.lu.lv/,26 422 065,+371 26 422 065,https://maps.google.com/?cid=1081092395368920272,True,"University botanical garden with an arboretum, plus a huge palm house & tropical butterflies.",https://maps.gstatic.com/mapfiles/place_api/icons/v1/png_71/park-71.png,True,2025-10-26T12:16:42.804423
ChIJQ1LnLOLP7kYRZ1RwLXajE8o,RISEBA Faculty of Architecture and Design,universities,"establishment,point_of_interest,university",OPERATIONAL,"Durbes Iela 4, Kurzemes rajons, Rīga, LV-1007, Latvia","Durbes Iela 4, Kurzemes rajons, Rīga",56.9532377,24.0737315,9G86X33F+7F,"X33F+7F Riga, Rīgas pilsēta, Riga, Latvia",4.5,4.0,http://architecture.riseba.lv/,29 349 122,+371 29 349 122,https://maps.google.com/?cid=14561161748182750311,,,https://maps.gstatic.com/mapfiles/place_api/icons/v1/png_71/school-71.png,False,2025-10-26T12:16:42.981136
ChIJgfNH4b3R7kYR15lxWYe4O9k,RSU,universities,"establishment,point_of_interest,university",OPERATIONAL,"Dzirciema iela 16, Kurzemes rajons, Rīga, LV-1007, Latvia","Dzirciema iela 16, Kurzemes rajons, Rīga",56.9542703,24.0550532,9G86X334+P2,"X334+P2 Riga, Rīgas pilsēta, Riga, Latvia",4.7,3.0,,24 977 137,+371 24 977 137,https://maps.google.com/?cid=15653307821317003735,True,,https://maps.gstatic.com/mapfiles/place_api/icons/v1/png_71/school-71.png,,2025-10-26T12:16:43.170402
ChIJc6fjaNHR7kYR9-p8R22eNEM,Rīgas Stradiņa Universitātes daudzfunkcionālā mācību ēka,universities,"establishment,point_of_interest,university",OPERATIONAL,"Konsula iela 21, Kurzemes rajons, Rīga, LV-1007, Latvia","Konsula iela 21, Kurzemes rajons, Rīga",56.95267130000001,24.0567025,9G86X334+3M,"X334+3M Riga, Rīgas pilsēta, Riga, Latvia",5.0,1.0,http://rsu.lv/,,,https://maps.google.com/?cid=4842669691518118647,,,https://maps.gstatic.com/mapfiles/place_api/icons/v1/png_71/school-71.png,,2025-10-26T12:16:43.355935
ChIJa_SsTRnR7kYRnkLvTsXo4Z4,RSU Studiju un zinātnes centrs,universities,"establishment,point_of_interest,university",OPERATIONAL,"Konsula iela 21, Kurzemes rajons, Rīga, LV-1007, Latvia","Konsula iela 21, Kurzemes rajons, Rīga",56.95267130000001,24.0567025,9G86X334+3M,"X334+3M Riga, Rīgas pilsēta, Riga, Latvia",5.0,2.0,,,,https://maps.google.com/?cid=11448687661883015838,,,https://maps.gstatic.com/mapfiles/place_api/icons/v1/png_71/school-71.png,,2025-10-26T12:16:43.546548
ChIJIxQgfhDR7kYRzQlILP_naak,RSU Juridiskais un iepirkumu departaments,universities,"establishment,point_of_interest,university",OPERATIONAL,"Kristapa iela 30, Zemgales priekšpilsēta, Rīga, LV-1046, Latvia","Kristapa iela 30, Zemgales priekšpilsēta, Rīga",56.9462221,24.0700409,9G86W3WC+F2,"W3WC+F2 Riga, Rīgas pilsēta, Riga, Latvia",,,,,,https://maps.google.com/?cid=12207543348110035405,,,https://maps.gstatic.com/mapfiles/place_api/icons/v1/png_71/school-71.png,,2025-10-26T12:16:43.742029
ChIJQ1LnLOLP7kYRM1YRIrsN47Y,RISEBA Arhitektūras un mediju centrs H2O 6,universities,"establishment,point_of_interest,university",OPERATIONAL,"Durbes Iela 4, Kurzemes rajons, Rīga, LV-1007, Latvia","Durbes Iela 4, Kurzemes rajons, Rīga",56.9533488,24.0748399,9G86X33F+8W,"X33F+8W Riga, Rīgas pilsēta, Riga, Latvia",4.3,60.0,http://www.h2o6.lv/,29 349 122,+371 29 349 122,https://maps.google.com/?cid=13178392031997810227,True,,https://maps.gstatic.com/mapfiles/place_api/icons/v1/png_71/school-71.png,True,2025-10-26T12:16:43.924078
ChIJGU4BL_HP7kYRGfnaN7D8b8M,Litneks,universities,"establishment,point_of_interest,university",OPERATIONAL,"Baltā iela 3, Kurzemes rajons, Rīga, LV-1055, Latvia","Baltā iela 3, Kurzemes rajons, Rīga",56.9673087,24.0685312,9G86X389+WC,"X389+WC Riga, Rīgas pilsēta, Riga, Latvia",,,http://www.litneks.lv/lv/kontakti,67 454 604,+371 67 454 604,https://maps.google.com/?cid=14082752393592371481,,,https://maps.gstatic.com/mapfiles/place_api/icons/v1/png_71/school-71.png,,2025-10-26T12:16:44.087248
ChIJk9kPtfTP7kYRtxHU8Dfgc_M,RTU Domus Auditorialis,universities,"establishment,point_of_interest,university",OPERATIONAL,"Zunda krastmala 8, Kurzemes rajons, Rīga, LV-1048, Latvia","Zunda krastmala 8, Kurzemes rajons, Rīga",56.9519428,24.0790926,9G86X32H+QJ,"X32H+QJ Riga, Rīgas pilsēta, Riga, Latvia",4.8,4.0,,,,https://maps.google.com/?cid=17542611504406466999,,,https://maps.gstatic.com/mapfiles/place_api/icons/v1/png_71/school-71.png,,2025-10-26T12:16:44.261238
ChIJFdi3pZLP7kYRANWFDp62NR8,Īstā ieeja Enerģētikas fakultātē,universities,"establishment,point_of_interest,university",OPERATIONAL,"Kurzeme District, Riga, LV-1048, Latvia","Kurzeme District, Riga",56.9514674,24.0793035,9G86X32H+HP,"X32H+HP Riga, Rīgas pilsēta, Riga, Latvia",5.0,1.0,,,,https://maps.google.com/?cid=2248904378906170624,,,https://maps.gstatic.com/mapfiles/place_api/icons/v1/png_71/school-71.png,,2025-10-26T12:16:44.450949
ChIJ3fDz2zLP7kYRH2qDfRyYMaM,RTU MTAF Aeronautikas institūts,universities,"establishment,point_of_interest,university",OPERATIONAL,"Zunda krastmala 16, Kurzemes rajons, Rīga, LV-1048, Latvia","Zunda krastmala 16, Kurzemes rajons, Rīga",56.95071890000001,24.0797454,9G86X32H+7V,"X32H+7V Riga, Rīgas pilsēta, Riga, Latvia",5.0,1.0,,,,https://maps.google.com/?cid=11759347350173346335,,,https://maps.gstatic.com/mapfiles/place_api/icons/v1/png_71/school-71.png,,2025-10-26T12:16:44.619999
ChIJr07-nS_E7kYRfcfWye-3-8Y,Latvian Maritime Academy,universities,"establishment,point_of_interest,university",OPERATIONAL,"Ķīpsalas iela 6b, Kurzemes rajons, Rīga, LV-1048, Latvia","Ķīpsalas iela 6b, Kurzemes rajons, Rīga",56.952817,24.0804722,9G86X33J+45,"X33J+45 Riga, Rīgas pilsēta, Riga, Latvia",4.0,34.0,https://www.rtu.lv/lv/lja,67 161 125,+371 67 161 125,https://maps.google.com/?cid=14338256079175468925,,,https://maps.gstatic.com/mapfiles/place_api/icons/v1/png_71/school-71.png,False,2025-10-26T12:16:44.795405
ChIJJzkjKlfP7kYR3zGfCvqLurI,RTU Uzņemšanas komisija,universities,"establishment,point_of_interest,university",OPERATIONAL,"Āzenes iela 6, Kurzemes rajons, Rīga, LV-1048, Latvia","Āzenes iela 6, Kurzemes rajons, Rīga",56.95074169999999,24.0827878,9G86X32M+74,"X32M+74 Riga, Rīgas pilsēta, Riga, Latvia",,,https://www.rtu.lv/lv/studijas/uznemsana/uznemsanas-komisija,28 005 535,+371 28 005 535,https://maps.google.com/?cid=12878759990455644639,,,https://maps.gstatic.com/mapfiles/place_api/icons/v1/png_71/school-71.png,False,2025-10-26T12:16:44.957766
ChIJefcbhxXF7kYRSGHtsNwHj7Q,EkoDem,universities,"establishment,point_of_interest,university",OPERATIONAL,"Rātsupītes iela 5, Kurzemes rajons, Rīga, LV-1067, Latvia","Rātsupītes iela 5, Kurzemes rajons, Rīga",56.9845992,24.0258253,9G86X2MG+R8,"X2MG+R8 Riga, Rīgas pilsēta, Riga, Latvia",,,,67 409 139,+371 67 409 139,https://maps.google.com/?cid=13010626492939198792,,,https://maps.gstatic.com/mapfiles/place_api/icons/v1/png_71/school-71.png,,2025-10-26T12:16:45.105406
ChIJye50T8PP7kYRaPU5FBJst_A,"Rigas Stradina universitate, Kliniskas imunologijas un imungenetikas starpkatedru laboratorija",universities,"establishment,point_of_interest,university",OPERATIONAL,"Kronvalda bulvāris 9, Centra rajons, Rīga, LV-1010, Latvia","Kronvalda bulvāris 9, Centra rajons, Rīga",56.9581611,24.0991679,9G86X35X+7M,"X35X+7M Riga, Rīgas pilsēta, Riga, Latvia",5.0,4.0,,67 322 419,+371 67 322 419,https://maps.google.com/?cid=17345451314745308520,,,https://maps.gstatic.com/mapfiles/place_api/icons/v1/png_71/school-71.png,,2025-10-26T12:16:45.277643
ChIJrYFZO9vP7kYRmbHf1h2bFNc,RSU Anatomy Museum,universities,"establishment,museum,point_of_interest,tourist_attraction,university",OPERATIONAL,"Kronvalda bulvāris 9, Centra rajons, Rīga, LV-1010, Latvia","Kronvalda bulvāris 9, Centra rajons, Rīga",56.9578602,24.0996608,9G86X35X+4V,"X35X+4V Riga, Rīgas pilsēta, Riga, Latvia",4.8,405.0,https://am.rsu.lv/,26 129 464,+371 26 129 464,https://maps.google.com/?cid=15498182770150060441,True,,https://maps.gstatic.com/mapfiles/place_api/icons/v1/png_71/museum-71.png,False,2025-10-26T12:16:45.458205
ChIJ36JvXADP7kYRLR-diSdoTVo,Car park,universities,"establishment,point_of_interest,university",OPERATIONAL,"Pils iela 3, Centra rajons, Rīga, LV-1050, Latvia","Pils iela 3, Centra rajons, Rīga",56.9506832,24.1016311,9G86X422+7M,"X422+7M Riga, Rīgas pilsēta, Riga, Latvia",,,,,,https://maps.google.com/?cid=6506971555642023725,,,https://maps.gstatic.com/mapfiles/place_api/icons/v1/png_71/school-71.png,,2025-10-26T12:16:45.624676
ChIJdTL4-urP7kYRNMt0Dd9cjKw,AINOVA,universities,"establishment,point_of_interest,university",OPERATIONAL,"Arsenāla iela, Centra rajons, Rīga, LV-1050, Latvia","Arsenāla iela, Centra rajons, Rīga",56.9515664,24.1028291,9G86X423+J4,"X423+J4 Riga, Rīgas pilsēta, Riga, Latvia",,,,28 657 332,+371 28 657 332,https://maps.google.com/?cid=12433414784336317236,,,https://maps.gstatic.com/mapfiles/place_api/icons/v1/png_71/school-71.png,,2025-10-26T12:16:45.788433
ChIJV-RzmpnP7kYRnN-bfhDmU3o,Latvijas Mākslas akadēmija,universities,"establishment,point_of_interest,university",OPERATIONAL,"Kronvalda bulvāris 4, Centra rajons, Rīga, LV-1010, Latvia","Kronvalda bulvāris 4, Centra rajons, Rīga",56.9552282,24.1043229,9G86X443+3P,"X443+3P Riga, Rīgas pilsēta, Riga, Latvia",4.8,5.0,,,,https://maps.google.com/?cid=8814641854212202396,,,https://maps.gstatic.com/mapfiles/place_api/icons/v1/png_71/school-71.png,,2025-10-26T12:16:45.983606
ChIJx2mqzdPP7kYRScM-SE20ohY,University of Latvia,universities,"establishment,point_of_interest,university",OPERATIONAL,"Raiņa bulvāris 19, Centra rajons, Rīga, LV-1586, Latvia","Raiņa bulvāris 19, Centra rajons, Rīga",56.95080979999999,24.1163132,9G86X428+8G,"X428+8G Riga, Rīgas pilsēta, Riga, Latvia",4.4,359.0,https://www.lu.lv/,67 034 777,+371 67 034 777,https://maps.google.com/?cid=1631064259079095113,True,"Founded in 1919, this classical university offers multi-disciplinary higher education in Latvian.",https://maps.gstatic.com/mapfiles/place_api/icons/v1/png_71/school-71.png,False,2025-10-26T12:16:46.164382
ChIJvfoNv7bP7kYRfPSjab-a-tM,Riga First Medical College,universities,"establishment,health,point_of_interest,university",OPERATIONAL,"Tomsona iela 37, Centra rajons, Rīga, LV-1013, Latvia","Tomsona iela 37, Centra rajons, Rīga",56.96851239999999,24.128875,9G86X49H+CG,"X49H+CG Riga, Rīgas pilsēta, Riga, Latvia",4.6,53.0,http://www.rmk1.lv/,67 371 147,+371 67 371 147,https://maps.google.com/?cid=15274691233082242172,,,https://maps.gstatic.com/mapfiles/place_api/icons/v1/png_71/school-71.png,True,2025-10-26T12:16:46.368625
ChIJMb20ZrbP7kYRMGFsUpEYfMk,M.A.R.I.D.I SIA QUICK TEACHER valodu centrs,universities,"establishment,point_of_interest,school,university",OPERATIONAL,"Tomsona iela 30, Centra rajons, Rīga, LV-1013, Latvia","Tomsona iela 30, Centra rajons, Rīga",56.96622679999999,24.128132,9G86X48H+F7,"X48H+F7 Riga, Rīgas pilsēta, Riga, Latvia",5.0,2.0,,67 509 999,+371 67 509 999,https://maps.google.com/?cid=14518506311167795504,,,https://maps.gstatic.com/mapfiles/place_api/icons/v1/png_71/school-71.png,False,2025-10-26T12:16:46.556525
ChIJNQC0r8XP7kYRl5_My162W-o,Biznesa vadības koledža,universities,"establishment,point_of_interest,university",OPERATIONAL,"Alberta iela 13, Centra rajons, Rīga, LV-1010, Latvia","Alberta iela 13, Centra rajons, Rīga",56.9592937,24.1082738,9G86X455+P8,"X455+P8 Riga, Rīgas pilsēta, Riga, Latvia",4.2,10.0,https://www.bvk.lv/,67 803 261,+371 67 803 261,https://maps.google.com/?cid=16887291746018172823,False,,https://maps.gstatic.com/mapfiles/place_api/icons/v1/png_71/school-71.png,False,2025-10-26T12:16:46.740358
ChIJdSHLV83P7kYRmP8UHfvwX2o,Baltijas Studiju centrs Net University,universities,"establishment,point_of_interest,university",OPERATIONAL,"Blaumaņa iela 32, Centra rajons, Rīga, LV-1011, Latvia","Blaumaņa iela 32, Centra rajons, Rīga",56.9521143,24.1254235,9G86X42G+R5,"X42G+R5 Riga, Rīgas pilsēta, Riga, Latvia",,,https://company.lursoft.lv/baltijas-studiju-centrs-net-university/50003727791,67 227 169,+371 67 227 169,https://maps.google.com/?cid=7665110052123246488,,,https://maps.gstatic.com/mapfiles/place_api/icons/v1/png_71/school-71.png,,2025-10-26T12:16:47.233459
ChIJEcmnlTPO7kYRLxcXeRVCSRk,International Higher School of Practical Psychology,universities,"establishment,point_of_interest,university",OPERATIONAL,"Bruņinieku iela 65, Latgales priekšpilsēta, Rīga, LV-1011, Latvia","Bruņinieku iela 65, Latgales priekšpilsēta, Rīga",56.954482,24.136398,9G86X43P+QH,"X43P+QH Riga, Rīgas pilsēta, Riga, Latvia",3.5,2.0,http://sppa.lv/,67 506 257,+371 67 506 257,https://maps.google.com/?cid=1822060184241379119,,,https://maps.gstatic.com/mapfiles/place_api/icons/v1/png_71/school-71.png,False,2025-10-26T12:16:47.418463
ChIJWczettPP7kYRVJ2JR2vf58E,Augstakas izglitibas padome,universities,"establishment,point_of_interest,university",OPERATIONAL,"Zigfrīda Annas Meierovica Bulvāris 12, Centra rajons, Rīga, LV-1050, Latvia","Zigfrīda Annas Meierovica Bulvāris 12, Centra rajons, Rīga",56.9510187,24.1101266,9G86X426+C3,"X426+C3 Riga, Rīgas pilsēta, Riga, Latvia",,,http://www.aip.lv/,67 223 392,+371 67 223 392,https://maps.google.com/?cid=13972382020794948948,,,https://maps.gstatic.com/mapfiles/place_api/icons/v1/png_71/school-71.png,,2025-10-26T12:16:47.584647
ChIJHzqdR9DP7kYR97gsSMiJ9WE,SIA Liden & Denz Riga,universities,"establishment,point_of_interest,university",OPERATIONAL,"Krišjāņa Barona iela 5, Centra rajons, Rīga, LV-1050, Latvia","Krišjāņa Barona iela 5, Centra rajons, Rīga",56.9516462,24.1215421,9G86X42C+MJ,"X42C+MJ Riga, Rīgas pilsēta, Riga, Latvia",4.5,12.0,http://www.lidenz.com/,28 743 572,+371 28 743 572,https://maps.google.com/?cid=7058699484270475511,,,https://maps.gstatic.com/mapfiles/place_api/icons/v1/png_71/school-71.png,False,2025-10-26T12:16:47.771819
ChIJB5sJrMXP7kYRyJSSkYwYGn4,Stockholm School of Economics in Riga,universities,"establishment,point_of_interest,university",OPERATIONAL,"Strēlnieku iela 4A, Centra rajons, Rīga, LV-1010, Latvia","Strēlnieku iela 4A, Centra rajons, Rīga",56.9591376,24.1076194,9G86X455+M2,"X455+M2 Riga, Rīgas pilsēta, Riga, Latvia",4.7,60.0,https://www.sseriga.edu/,67 015 800,+371 67 015 800,https://maps.google.com/?cid=9086602190190187720,True,,https://maps.gstatic.com/mapfiles/place_api/icons/v1/png_71/school-71.png,True,2025-10-26T12:16:47.947286
ChIJFal0rMXP7kYRajQp_xDHJ3g,Riga Graduate School of Law,universities,"establishment,point_of_interest,university",OPERATIONAL,"1010, Strēlnieku iela 4A, Centra rajons, Rīga, LV-1010, Latvia","1010, Strēlnieku iela 4A, Rīga",56.959295,24.1078331,9G86X455+P4,"X455+P4 Riga, Rīgas pilsēta, Riga, Latvia",4.1,38.0,https://www.rgsl.edu.lv/,62 323 232,+371 62 323 232,https://maps.google.com/?cid=8658107684457362538,True,,https://maps.gstatic.com/mapfiles/place_api/icons/v1/png_71/school-71.png,False,2025-10-26T12:16:48.124708
ChIJwxA1TCzO7kYRDttuqSFhxWI,"University of Latvia (UL), Faculty of Humanities",universities,"establishment,point_of_interest,university",OPERATIONAL,"Visvalža iela 4a, Latgales priekšpilsēta, Rīga, LV-1050, Latvia","Visvalža iela 4a, Latgales priekšpilsēta, Rīga",56.9482349,24.1293036,9G86W4XH+7P,"W4XH+7P Riga, Rīgas pilsēta, Riga, Latvia",4.1,28.0,http://www.hzf.lu.lv/,67 034 841,+371 67 034 841,https://maps.google.com/?cid=7117201583333366542,True,,https://maps.gstatic.com/mapfiles/place_api/icons/v1/png_71/school-71.png,,2025-10-26T12:16:48.300551
ChIJJ8EY1DnO7kYRdurbsIsTZkc,RSU Red Cross Medical College,universities,"establishment,health,point_of_interest,university",OPERATIONAL,"Jāņa Asara iela 5, Latgales priekšpilsēta, Rīga, LV-1009, Latvia","Jāņa Asara iela 5, Latgales priekšpilsēta, Rīga",56.9554521,24.1513444,9G86X542+5G,"X542+5G Riga, Rīgas pilsēta, Riga, Latvia",4.8,40.0,https://rcmc.lv/,80 205 805,+371 80 205 805,https://maps.google.com/?cid=5144821115005954678,True,,https://maps.gstatic.com/mapfiles/place_api/icons/v1/png_71/school-71.png,False,2025-10-26T12:16:48.484515
ChIJu8sLSkTO7kYRYXUb2YK-NVg,"Rigas Tehniska koledza, Eksaminacijas centrs",universities,"establishment,point_of_interest,university",OPERATIONAL,"Braslas iela 16, Vidzemes priekšpilsēta, Rīga, LV-1084, Latvia","Braslas iela 16, Vidzemes priekšpilsēta, Rīga",56.963572,24.1646023,9G86X577+CR,"X577+CR Riga, Rīgas pilsēta, Riga, Latvia",4.9,20.0,,67 081 411,+371 67 081 411,https://maps.google.com/?cid=6356195918300804449,True,,https://maps.gstatic.com/mapfiles/place_api/icons/v1/png_71/school-71.png,True,2025-10-26T12:16:48.652846
ChIJcbR-NkTO7kYR9gWiaTls8co,Rīgas Tehniskā koledža,universities,"establishment,point_of_interest,university",OPERATIONAL,"Braslas iela, Vidzemes priekšpilsēta, Rīga, LV-1084, Latvia","Braslas iela, Vidzemes priekšpilsēta, Rīga",56.9642425,24.1640765,9G86X577+MJ,"X577+MJ Riga, Rīgas pilsēta, Riga, Latvia",4.0,146.0,http://rtk.lv/,67 081 400,+371 67 081 400,https://maps.google.com/?cid=14623588458889872886,True,,https://maps.gstatic.com/mapfiles/place_api/icons/v1/png_71/school-71.png,False,2025-10-26T12:16:48.819123
ChIJ18k3J9DP7kYRVnQ8oHUiy0I,Art Academy of Latvia,universities,"establishment,point_of_interest,university",OPERATIONAL,"Kalpaka bulvāris 13, Centra rajons, Rīga, LV-1050, Latvia","Kalpaka bulvāris 13, Centra rajons, Rīga",56.9550637,24.1117109,9G86X446+2M,"X446+2M Riga, Rīgas pilsēta, Riga, Latvia",4.8,196.0,http://www.lma.lv/,67 332 202,+371 67 332 202,https://maps.google.com/?cid=4812978515370341462,,,https://maps.gstatic.com/mapfiles/place_api/icons/v1/png_71/school-71.png,False,2025-10-26T12:16:48.988075
ChIJDWGpN67P7kYRSBIBYIRn9Iw,BA School of Business and Finance,universities,"establishment,point_of_interest,university",OPERATIONAL,"Krišjāņa Valdemāra iela 161, Vidzemes priekšpilsēta, Rīga, LV-1013, Latvia","Krišjāņa Valdemāra iela 161, Vidzemes priekšpilsēta, Rīga",56.975553,24.134693,9G86X4GM+6V,"X4GM+6V Riga, Rīgas pilsēta, Riga, Latvia",4.2,66.0,http://www.ba.lv/,67 360 133,+371 67 360 133,https://maps.google.com/?cid=10156856877871338056,,,https://maps.gstatic.com/mapfiles/place_api/icons/v1/png_71/school-71.png,False,2025-10-26T12:16:49.170116
ChIJ6ZOpvNPP7kYReYE0HcyV9r0,Latvian Academy of Music,universities,"establishment,point_of_interest,university",OPERATIONAL,"Krišjāņa Barona iela 1, Centra rajons, Rīga, LV-1050, Latvia","Krišjāņa Barona iela 1, Centra rajons, Rīga",56.9496736,24.1175574,9G86W4X9+V2,"W4X9+V2 Riga, Rīgas pilsēta, Riga, Latvia",4.6,139.0,http://www.jvlma.lv/,67 228 684,+371 67 228 684,https://maps.google.com/?cid=13688292821335048569,,,https://maps.gstatic.com/mapfiles/place_api/icons/v1/png_71/school-71.png,False,2025-10-26T12:16:49.337440
ChIJr4D5uM7P7kYRUa_ZWnZbBlc,Albert College,universities,"establishment,point_of_interest,university",OPERATIONAL,"Skolas iela 22, Centra rajons, Rīga, LV-1010, Latvia","Skolas iela 22, Centra rajons, Rīga",56.95821350000001,24.1199058,9G86X459+7X,"X459+7X Riga, Rīgas pilsēta, Riga, Latvia",3.7,31.0,http://www.alberta-koledza.lv/,20 175 667,+371 20 175 667,https://maps.google.com/?cid=6270800095048478545,False,,https://maps.gstatic.com/mapfiles/place_api/icons/v1/png_71/school-71.png,False,2025-10-26T12:16:49.520009
ChIJC0yrFiLO7kYRGqnL7pMtKiQ,EKA University of Applied Sciences,universities,"establishment,point_of_interest,university",OPERATIONAL,"Pērnavas iela 62, Latgales priekšpilsēta, Rīga, LV-1009, Latvia","Pērnavas iela 62, Latgales priekšpilsēta, Rīga",56.95494120000001,24.1524836,9G86X532+XX,"X532+XX Riga, Rīgas pilsēta, Riga, Latvia",4.5,94.0,https://www.augstskola.lv/,20 009 053,+371 20 009 053,https://maps.google.com/?cid=2605945447777020186,,,https://maps.gstatic.com/mapfiles/place_api/icons/v1/png_71/school-71.png,False,2025-10-26T12:16:49.702054
ChIJidNsnzPO7kYRWX_9iRddRjI,LCA Latvian Culture College,universities,"establishment,point_of_interest,university",OPERATIONAL,"Bruņinieku iela 57, Latgales priekšpilsēta, Rīga, LV-1011, Latvia","Bruņinieku iela 57, Latgales priekšpilsēta, Rīga",56.9548943,24.1350271,9G86X43P+X2,"X43P+X2 Riga, Rīgas pilsēta, Riga, Latvia",4.2,22.0,http://www.kulturaskoledza.lv/,20 229 975,+371 20 229 975,https://maps.google.com/?cid=3622685305946865497,False,,https://maps.gstatic.com/mapfiles/place_api/icons/v1/png_71/school-71.png,False,2025-10-26T12:16:49.886715
ChIJj99HxdDP7kYR9K4CB-gPb8o,HOTEL SCHOOL Viesnīcu biznesa koledža,universities,"establishment,point_of_interest,university",OPERATIONAL,"Smilšu street, Smilšu iela 3, Centra rajons, Rīga, LV-1050, Latvia","Smilšu street, Smilšu iela 3, Centra rajons, Rīga",56.9505808,24.1078115,9G86X425+64,"X425+64 Riga, Rīgas pilsēta, Riga, Latvia",4.4,119.0,http://www.hotelschool.lv/,67 213 037,+371 67 213 037,https://maps.google.com/?cid=14586895207300771572,,,https://maps.gstatic.com/mapfiles/place_api/icons/v1/png_71/school-71.png,,2025-10-26T12:16:50.067618
ChIJzUkmUADP7kYRcWT4sn3xImQ,Ričarda Āboltiņa Universitāte,universities,"establishment,point_of_interest,university",OPERATIONAL,"Brīvības bulvāris 19, Centra rajons, Rīga, LV-1050, Latvia","Brīvības bulvāris 19, Centra rajons, Rīga",56.95213829999999,24.113571,9G86X427+VC,"X427+VC Riga, Rīgas pilsēta, Riga, Latvia",4.0,4.0,,,,https://maps.google.com/?cid=7215595075176785009,,,https://maps.gstatic.com/mapfiles/place_api/icons/v1/png_71/school-71.png,False,2025-10-26T12:16:50.236216
ChIJu2HCrEXO7kYRf9PqZg50-9s,Rīgas Tehniskā koledža,universities,"establishment,point_of_interest,university",OPERATIONAL,"7 - 7, Lēdmanes iela 3, Vidzemes priekšpilsēta, Rīga, LV-1000, Latvia","7 - 7, Lēdmanes iela 3, Vidzemes priekšpilsēta, Rīga",56.9786008,24.1692477,9G86X5H9+CM,"X5H9+CM Riga, Rīgas pilsēta, Riga, Latvia",3.6,59.0,http://www.rtk.lv/,67 553 050,+371 67 553 050,https://maps.google.com/?cid=15851390918665622399,False,,https://maps.gstatic.com/mapfiles/place_api/icons/v1/png_71/school-71.png,False,2025-10-26T12:16:50.462715
ChIJ4RrJbwDP7kYR4rrnqOFEiAw,Центральеа станция,universities,"establishment,point_of_interest,university",OPERATIONAL,"Jāņa Asara iela, Latgales priekšpilsēta, Rīga, LV-1009, Latvia","Jāņa Asara iela, Latgales priekšpilsēta, Rīga",56.9559155,24.1514516,9G86X542+9H,"X542+9H Riga, Rīgas pilsēta, Riga, Latvia",,,,,,https://maps.google.com/?cid=903047461279873762,,,https://maps.gstatic.com/mapfiles/place_api/icons/v1/png_71/school-71.png,,2025-10-26T12:16:50.661982
ChIJvYHHyjPO7kYRDsN1d0Z-xq0,Personāla vadība,universities,"establishment,point_of_interest,university",OPERATIONAL,"Latgale Suburb, Riga, LV-1011, Latvia","Latgale Suburb, Riga",56.9530841,24.1355978,9G86X43P+66,"X43P+66 Riga, Rīgas pilsēta, Riga, Latvia",,,,,,https://maps.google.com/?cid=12521834655067259662,,,https://maps.gstatic.com/mapfiles/place_api/icons/v1/png_71/school-71.png,,2025-10-26T12:16:50.821118
ChIJdXK4yjPO7kYRzKBuEp_e53I,Uzņēmējdarbība,universities,"establishment,point_of_interest,university",OPERATIONAL,"Latgale Suburb, Riga, LV-1011, Latvia","Latgale Suburb, Riga",56.9530841,24.1355978,9G86X43P+66,"X43P+66 Riga, Rīgas pilsēta, Riga, Latvia",,,,,,https://maps.google.com/?cid=8279831214734352588,,,https://maps.gstatic.com/mapfiles/place_api/icons/v1/png_71/school-71.png,,2025-10-26T12:16:50.985596
ChIJDQLICIvO7kYR3a7comOA9wc,"Rigas Stradina universitate, Infektologijas katedra",universities,"establishment,point_of_interest,university",OPERATIONAL,"Linezera iela 3, Vidzemes priekšpilsēta, Rīga, LV-1006, Latvia","Linezera iela 3, Vidzemes priekšpilsēta, Rīga",56.97680070000001,24.1976911,9G86X5GX+P3,"X5GX+P3 Riga, Rīgas pilsēta, Riga, Latvia",4.3,4.0,,67 014 777,+371 67 014 777,https://maps.google.com/?cid=574068642935516893,,,https://maps.gstatic.com/mapfiles/place_api/icons/v1/png_71/school-71.png,,2025-10-26T12:16:51.159397
ChIJT2uinzPO7kYRJ3DMwU4yL44,Laikmetīgā deja,universities,"establishment,point_of_interest,university",OPERATIONAL,"Aleksandra Čaka iela 56, Latgales priekšpilsēta, Rīga, LV-1011, Latvia","Aleksandra Čaka iela 56, Latgales priekšpilsēta, Rīga",56.95455089999999,24.1336007,9G86X43M+RC,"X43M+RC Riga, Rīgas pilsēta, Riga, Latvia",,,,,,https://maps.google.com/?cid=10245462991131406375,,,https://maps.gstatic.com/mapfiles/place_api/icons/v1/png_71/school-71.png,,2025-10-26T12:16:51.343236
ChIJJxlxSZLO7kYRrXzQmW5rbys,Latvijas Sporta pedagoģijas akadēmija / Latvian Academy of Sport Education,universities,"establishment,point_of_interest,university",OPERATIONAL,"Brīvības gat. 333, Vidzemes priekšpilsēta, Rīga, LV-1006, Latvia","Brīvības gat. 333, Vidzemes priekšpilsēta, Rīga",56.985555,24.2074373,9G86X6P4+6X,"X6P4+6X Riga, Rīgas pilsēta, Riga, Latvia",4.5,104.0,https://www.lspa.lv/,67 543 410,+371 67 543 410,https://maps.google.com/?cid=3129838388816936109,True,,https://maps.gstatic.com/mapfiles/place_api/icons/v1/png_71/school-71.png,False,2025-10-26T12:16:51.529600
ChIJKcwhcADP7kYRwgS1uifgQ_U,Snuswarts,universities,"establishment,point_of_interest,university",OPERATIONAL,"Blaumaņa iela 36, Centra rajons, Rīga, LV-1011, Latvia","Blaumaņa iela 36, Centra rajons, Rīga",56.9517348,24.1258271,9G86X42G+M8,"X42G+M8 Riga, Rīgas pilsēta, Riga, Latvia",,,,,,https://maps.google.com/?cid=17673215823972730050,,,https://maps.gstatic.com/mapfiles/place_api/icons/v1/png_71/school-71.png,,2025-10-26T12:16:51.672366
ChIJGUrIQbTP7kYRY4bo-c_p9XE,"Rigas Stradina universitate, Dzemdniecibas un ginekologijas katedra",universities,"establishment,point_of_interest,university",OPERATIONAL,"Miera iela 45, Vidzemes priekšpilsēta, Rīga, LV-1013, Latvia","Miera iela 45, Vidzemes priekšpilsēta, Rīga",56.96678799999999,24.1338032,9G86X48M+PG,"X48M+PG Riga, Rīgas pilsēta, Riga, Latvia",5.0,1.0,,67 011 302,+371 67 011 302,https://maps.google.com/?cid=8211726575040235107,,,https://maps.gstatic.com/mapfiles/place_api/icons/v1/png_71/school-71.png,,2025-10-26T12:16:51.838836
ChIJocUg7BTP7kYR7lxHmQd35C4,RSU Dermatoloģijas un veneroloģijas katedra,universities,"establishment,point_of_interest,university",OPERATIONAL,"Baznīcas iela 18, Centra rajons, Rīga, LV-1010, Latvia","Baznīcas iela 18, Centra rajons, Rīga",56.9571798,24.121028,9G86X44C+VC,"X44C+VC Riga, Rīgas pilsēta, Riga, Latvia",,,,,,https://maps.google.com/?cid=3378956494954781934,,,https://maps.gstatic.com/mapfiles/place_api/icons/v1/png_71/school-71.png,,2025-10-26T12:16:52.011392
ChIJjy-YvS3M7kYRR3z-AhSn624,"Rigas Stradina universitate, Patologiskas anatomijas katedra",universities,"establishment,point_of_interest,university",OPERATIONAL,"Hipokrāta iela 2, Vidzemes priekšpilsēta, Rīga, LV-1079, Latvia","Hipokrāta iela 2, Vidzemes priekšpilsēta, Rīga",56.967619,24.2443727,9G86X69V+2P,"X69V+2P Riga, Rīgas pilsēta, Riga, Latvia",4.7,3.0,,67 536 032,+371 67 536 032,https://maps.google.com/?cid=7992665668090494023,,,https://maps.gstatic.com/mapfiles/place_api/icons/v1/png_71/school-71.png,,2025-10-26T12:16:52.177106
ChIJjy-YvS3M7kYRpu6KWrvSsmU,"Rigas Stradina universitate, Eksperimentalo dzivnieku laboratorija",universities,"establishment,point_of_interest,university",OPERATIONAL,"Hipokrāta iela 2, Vidzemes priekšpilsēta, Rīga, LV-1079, Latvia","Hipokrāta iela 2, Vidzemes priekšpilsēta, Rīga",56.967619,24.2443727,9G86X69V+2P,"X69V+2P Riga, Rīgas pilsēta, Riga, Latvia",,,,67 536 267,+371 67 536 267,https://maps.google.com/?cid=7328151245804990118,,,https://maps.gstatic.com/mapfiles/place_api/icons/v1/png_71/school-71.png,,2025-10-26T12:16:52.332147
ChIJg99AMCnM7kYRRmCNPwNltEA,Riga Medical College of the University of Latvia,universities,"establishment,point_of_interest,university",OPERATIONAL,"Hipokrāta iela 1, Vidzemes priekšpilsēta, Rīga, LV-1079, Latvia","Hipokrāta iela 1, Vidzemes priekšpilsēta, Rīga",56.9725958,24.2403874,9G86X6FR+25,"X6FR+25 Riga, Rīgas pilsēta, Riga, Latvia",4.5,34.0,http://www.rmkoledza.lu.lv/,67 840 744,+371 67 840 744,https://maps.google.com/?cid=4662462578860843078,True,,https://maps.gstatic.com/mapfiles/place_api/icons/v1/png_71/school-71.png,False,2025-10-26T12:16:52.509878
ChIJO9U-V5LO7kYRbH-ZpjfKxCA,Orientēšanās Katedra,universities,"establishment,point_of_interest,university",OPERATIONAL,"Brīvības gat. 333, Vidzemes priekšpilsēta, Rīga, LV-1006, Latvia","Brīvības gat. 333, Vidzemes priekšpilsēta, Rīga",56.98561249999999,24.2074083,9G86X6P4+6X,"X6P4+6X Riga, Rīgas pilsēta, Riga, Latvia",,,,,,https://maps.google.com/?cid=2361234445016072044,,,https://maps.gstatic.com/mapfiles/place_api/icons/v1/png_71/school-71.png,,2025-10-26T12:16:52.722969
ChIJNfCqzdPP7kYRiZSMgV0rX8Y,LU Absolventu klubs,universities,"establishment,point_of_interest,university",OPERATIONAL,"Raiņa bulvāris 19, Centra rajons, Rīga, LV-1050, Latvia","Raiņa bulvāris 19, Centra rajons, Rīga",56.9508026,24.1163189,9G86X428+8G,"X428+8G Riga, Rīgas pilsēta, Riga, Latvia",,,http://www.ak.lu.lv/,26 553 782,+371 26 553 782,https://maps.google.com/?cid=14294191422902670473,,,https://maps.gstatic.com/mapfiles/place_api/icons/v1/png_71/school-71.png,,2025-10-26T12:16:52.886031
ChIJo_GqzdPP7kYRhD5Qov9ZiLQ,Institute of Astronomy,universities,"establishment,point_of_interest,university",OPERATIONAL,"Raiņa bulvāris 19, Centra rajons, Rīga, LV-1050, Latvia","Raiņa bulvāris 19, Centra rajons, Rīga",56.950803,24.1163187,9G86X428+8G,"X428+8G Riga, Rīgas pilsēta, Riga, Latvia",,,,,,https://maps.google.com/?cid=13008746478134378116,,,https://maps.gstatic.com/mapfiles/place_api/icons/v1/png_71/school-71.png,,2025-10-26T12:16:53.043014
ChIJD0G6a87P7kYRbmK_cDrjhm0,Development and Planning Department,universities,"establishment,point_of_interest,university",OPERATIONAL,"Baznīcas iela 5, Centra rajons, Rīga, LV-1010, Latvia","Baznīcas iela 5, Centra rajons, Rīga",56.95556819999999,24.1171482,9G86X448+6V,"X448+6V Riga, Rīgas pilsēta, Riga, Latvia",,,,,,https://maps.google.com/?cid=7892245237152572014,,,https://maps.gstatic.com/mapfiles/place_api/icons/v1/png_71/school-71.png,,2025-10-26T12:16:53.220027
ChIJ6yOLdDTP7kYRlLf1J3phPYs,Dzirlank ceramics,universities,"establishment,point_of_interest,university",OPERATIONAL,"Dzirnavu iela 43, Centra rajons, Rīga, LV-1010, Latvia","Dzirnavu iela 43, Centra rajons, Rīga",56.9572724,24.1159004,9G86X448+W9,"X448+W9 Riga, Rīgas pilsēta, Riga, Latvia",,,https://www.instagram.com/dzirlank_ceramics/,26 927 489,+371 26 927 489,https://maps.google.com/?cid=10033282722135652244,,,https://maps.gstatic.com/mapfiles/place_api/icons/v1/png_71/school-71.png,True,2025-10-26T12:16:53.389122
ChIJ4amAEmvP7kYRJuJjklVQRao,Banku augstskolas Uzņēmējdarbības koledža,universities,"establishment,point_of_interest,university",OPERATIONAL,"Skanstes iela 43, Vidzemes priekšpilsēta, Rīga, LV-1013, Latvia","Skanstes iela 43, Vidzemes priekšpilsēta, Rīga",56.9752798,24.1322378,9G86X4GJ+4V,"X4GJ+4V Riga, Rīgas pilsēta, Riga, Latvia",5.0,3.0,,,,https://maps.google.com/?cid=12269301088299246118,,,https://maps.gstatic.com/mapfiles/place_api/icons/v1/png_71/school-71.png,,2025-10-26T12:16:53.571833
ChIJTxk39OXO7kYRmCOEa_ylnvw,Valsts policijas koledža,universities,"establishment,point_of_interest,university",OPERATIONAL,"Ezermalas iela 10, Vidzemes priekšpilsēta, Rīga, LV-1014, Latvia","Ezermalas iela 10, Vidzemes priekšpilsēta, Rīga",56.9952689,24.1782755,9G86X5WH+48,"X5WH+48 Riga, Rīgas pilsēta, Riga, Latvia",4.3,43.0,http://www.policijas.koledza.gov.lv/,67 209 786,+371 67 209 786,https://maps.google.com/?cid=18203169247432287128,True,,https://maps.gstatic.com/mapfiles/place_api/icons/v1/png_71/school-71.png,False,2025-10-26T12:16:53.749008
ChIJEyePekDP7kYRQIEfqdg9A1I,Novikontas Maritime College,universities,"establishment,point_of_interest,university",OPERATIONAL,"Duntes iela 17, Ziemeļu rajons, Rīga, LV-1005, Latvia","Duntes iela 17, Ziemeļu rajons, Rīga",56.98466200000001,24.1346952,9G86X4MM+VV,"X4MM+VV Riga, Rīgas pilsēta, Riga, Latvia",5.0,14.0,https://novikontas.org/college/en,23 111 114,+371 23 111 114,https://maps.google.com/?cid=5909635136799867200,,,https://maps.gstatic.com/mapfiles/place_api/icons/v1/png_71/school-71.png,False,2025-10-26T12:16:53.932150
ChIJN9xPHZjP7kYR52FQDmy-dLU,Inovatīvo biomedicīnas tehnoloģiju institūts,universities,"establishment,point_of_interest,university",OPERATIONAL,"Tvaika iela 64, Ziemeļu rajons, Rīga, LV-1034, Latvia","Tvaika iela 64, Ziemeļu rajons, Rīga",57.0178495,24.122282,9G96249C+4W,"249C+4W Riga, Rīgas pilsēta, Riga, Latvia",,,http://www.ibti.lv/,26 092 004,+371 26 092 004,https://maps.google.com/?cid=13075284989469286887,,,https://maps.gstatic.com/mapfiles/place_api/icons/v1/png_71/school-71.png,False,2025-10-26T12:16:54.169615
ChIJ6bMhx8XP7kYRxLRJuui3h7Y,Центр Академической квалификации,universities,"establishment,point_of_interest,university",OPERATIONAL,"Dzirnavu iela 16, Centra rajons, Rīga, LV-1010, Latvia","Dzirnavu iela 16, Centra rajons, Rīga",56.9600028,24.1097299,9G86X465+2V,"X465+2V Riga, Rīgas pilsēta, Riga, Latvia",,,,,,https://maps.google.com/?cid=13152683446944511172,,,https://maps.gstatic.com/mapfiles/place_api/icons/v1/png_71/school-71.png,,2025-10-26T12:16:54.354906
